{"xs": [0.0, 0.010101010101010102, 0.020202020202020204, 0.030303030303030304, 0.04040404040404041, 0.05050505050505051, 0.06060606060606061, 0.07070707070707072, 0.08080808080808081, 0.09090909090909091, 0.10101010101010102, 0.11111111111111112, 0.12121212121212122, 0.13131313131313133, 0.14141414141414144, 0.15151515151515152, 0.16161616161616163, 0.17171717171717174, 0.18181818181818182, 0.19191919191919193, 0.20202020202020204, 0.21212121212121213, 0.22222222222222224, 0.23232323232323235, 0.24242424242424243, 0.25252525252525254, 0.26262626262626265, 0.27272727272727276, 0.2828282828282829, 0.29292929292929293, 0.30303030303030304, 0.31313131313131315, 0.32323232323232326, 0.33333333333333337, 0.3434343434343435, 0.3535353535353536, 0.36363636363636365, 0.37373737373737376, 0.38383838383838387, 0.393939393939394, 0.4040404040404041, 0.4141414141414142, 0.42424242424242425, 0.43434343434343436, 0.4444444444444445, 0.4545454545454546, 0.4646464646464647, 0.4747474747474748, 0.48484848484848486, 0.494949494949495, 0.5050505050505051, 0.5151515151515152, 0.5252525252525253, 0.5353535353535354, 0.5454545454545455, 0.5555555555555556, 0.5656565656565657, 0.5757575757575758, 0.5858585858585859, 0.595959595959596, 0.6060606060606061, 0.6161616161616162, 0.6262626262626263, 0.6363636363636365, 0.6464646464646465, 0.6565656565656566, 0.6666666666666667, 0.6767676767676768, 0.686868686868687, 0.696969696969697, 0.7070707070707072, 0.7171717171717172, 0.7272727272727273, 0.7373737373737375, 0.7474747474747475, 0.7575757575757577, 0.7676767676767677, 0.7777777777777778, 0.787878787878788, 0.797979797979798, 0.8080808080808082, 0.8181818181818182, 0.8282828282828284, 0.8383838383838385, 0.8484848484848485, 0.8585858585858587, 0.8686868686868687, 0.8787878787878789, 0.888888888888889, 0.8989898989898991, 0.9090909090909092, 0.9191919191919192, 0.9292929292929294, 0.9393939393939394, 0.9494949494949496, 0.9595959595959597, 0.9696969696969697, 0.9797979797979799, 0.98989898989899, 1.0], "n6": {"gaussian": {"ys": [0.0005971884168684483, 0.0005971615482121706, 0.000597291812300682, 0.0005975285125896334, 0.000597337493672967, 0.0005972549458965659, 0.0005966525804251432, 0.0005961513193324208, 0.000594092789106071, 0.0005938932625576854, 0.0005925266165286302, 0.0005896600894629955, 0.0005905670300126076, 0.0005887742945924401, 0.0005892846407368779, 0.0005918107321485878, 0.0005927997222170234, 0.0005949172051623464, 0.0005985987698659301, 0.000603430401533842, 0.000607436178252101, 0.0006179918954148889, 0.0006241449806839227, 0.0006326812645420432, 0.0006402037758380174, 0.000652918634004891, 0.0006648559449240565, 0.000677274870686233, 0.0006894022785127163, 0.0007039458490908146, 0.0007176393968984485, 0.0007299148989841342, 0.000746493237093091, 0.0007576966704800725, 0.000767379766330123, 0.0007882865471765399, 0.0008017807407304645, 0.0008146952232345938, 0.000829151957295835, 0.0008428044291213155, 0.0008532176353037357, 0.0008630962064489722, 0.0008804879989475012, 0.00089280238840729, 0.0009018544899299741, 0.0009159166924655438, 0.0009239434683695435, 0.0009343160595744848, 0.0009457920072600246, 0.000969532006420195, 0.0009706285642459988, 0.0009815552365034818, 0.0009968835907056928, 0.0010008146893233062, 0.0010155050922185183, 0.0010150712262839078, 0.0010350758442655207, 0.0010448750061914326, 0.0010557725466787814, 0.001063250433653593, 0.00107911660335958, 0.0010867614950984717, 0.0010859231650829316, 0.0011050285026431084, 0.001128075635060668, 0.001131986603140831, 0.0011408396530896425, 0.0011529311444610356, 0.0011681034229695797, 0.001170466709882021, 0.0011880767438560724, 0.0011976515222340822, 0.0012052155658602715, 0.00122335871681571, 0.0012303949799388648, 0.0012497500702738761, 0.0012519721128046513, 0.0012575531750917434, 0.0012717215996235608, 0.0012805862352252007, 0.0012895850371569394, 0.001308338763192296, 0.0013117014616727829, 0.0013265156932175158, 0.001345155956223607, 0.0013426529709249734, 0.0013512830436229707, 0.001361940149217844, 0.0013777186162769795, 0.0013854266330599785, 0.0014066740032285452, 0.0014043651148676873, 0.0014214067067950965, 0.0014309851452708245, 0.001443925742059946, 0.0014571216981858015, 0.0014593714661896228, 0.0014796198345720768, 0.0014846655447036028, 0.001488653365522623]}, "shot": {"ys": [0.0005971884168684483, 0.0006037469441071152, 0.000610371925868094, 0.000616902238689363, 0.0006222850922495127, 0.0006277276575565338, 0.0006321147875860333, 0.0006369640678167343, 0.0006412385264411569, 0.0006447574403136969, 0.0006485237507149577, 0.0006521366070955992, 0.0006554706022143364, 0.0006585905281826853, 0.0006617162190377712, 0.0006656240439042449, 0.0006693115876987576, 0.0006726520135998726, 0.0006752105010673404, 0.0006779813021421433, 0.0006812985055148601, 0.0006834910344332457, 0.0006863590423017741, 0.0006912485742941499, 0.0006923701940104365, 0.0006957997288554907, 0.0006995799951255322, 0.0007046930398792029, 0.0007059474429115653, 0.0007114257849752903, 0.0007134059444069863, 0.000717104752548039, 0.0007209436595439911, 0.0007247878750786186, 0.000727964504621923, 0.0007310413010418415, 0.0007387479115277529, 0.0007427130592986941, 0.0007488532969728112, 0.0007546523539349437, 0.0007565298350527882, 0.0007635798212140798, 0.0007690352899953723, 0.0007747141923755408, 0.0007798513723537326, 0.000788261042907834, 0.0007932291645556688, 0.0008007609006017446, 0.0008081585355103016, 0.0008100702147930861, 0.0008185432851314545, 0.0008200269611552358, 0.0008300989819690585, 0.0008300773939117789, 0.0008396482327952981, 0.0008523435890674591, 0.000856690751388669, 0.0008659292850643396, 0.0008670104295015335, 0.0008774846466258168, 0.0008855798188596964, 0.0008994370838627219, 0.0009079880965873599, 0.0009171204268932343, 0.0009254168067127466, 0.0009414414875209331, 0.0009476561145856977, 0.000957716922275722, 0.0009661902813240886, 0.0009848699765279889, 0.0009989522537216544, 0.001010977881960571, 0.0010257078893482685, 0.0010384302400052547, 0.0010497979167848825, 0.0010626239283010363, 0.0010730080120265485, 0.001093337209895253, 0.001110802860930562, 0.0011296586692333222, 0.0011387812811881305, 0.0011511604115366936, 0.0011761124618351459, 0.0011930091492831708, 0.0012121383007615805, 0.0012187230493873357, 0.001238078773021698, 0.0012461732979863881, 0.001285454947501421, 0.0012930244579911231, 0.001300402246415615, 0.0013065455947071313, 0.0013034303206950425, 0.0013090240210294724, 0.0013007603771984578, 0.0013186022266745568, 0.0013137804437428713, 0.0013007393572479486, 0.0013134793005883693, 0.0013066083937883378]},